,job_id,runtime,memory,humans,hours
1,162314631,88.422,143756,1000,0.024561667
2,162314632,273.711,221852,3000,0.076030833
3,162314633,1045.332,526180,10000,0.29037
4,162314634,3515.36,1243984,30000,0.976488889
5,162314636,17836.618,4372520,100000,4.954616111
6,162314637,50113.014,7529200,200000,13.92028167
7,162314638,108640.743,12968196,300000,30.17798417
