,job_id,runtime,memory,humans,hours
1,162313618,181.293,133636,1000,0.050359167
2,162313619,615.385,214384,3000,0.170940278
3,162313620,1408.115,519560,10000,0.391143056
4,162313621,4095.418,1238356,30000,1.137616111
5,162313622,18605.46,4364848,100000,5.168183333
6,162313623,57211.719,7522608,200000,15.89214417
7,162313624,130893.565,12940308,300000,36.35932361
