humanID,time,event,location
272,135.372271685085,takeTrip,1
272,135.507404626968,returnHome,1
958,210.288446396589,takeTrip,1
958,210.952789073344,returnHome,1
933,305.319859485258,takeTrip,1
933,308.229777383566,returnHome,1
