humanID,time,event,location
272,135.372271685085,takeTrip,1
272,135.436403666779,returnHome,1
958,210.288446396589,takeTrip,1
958,210.825009932276,returnHome,1
933,305.319859485258,takeTrip,1
933,306.617077447548,returnHome,1
